address,count
0x0b313ead65233ddb8dddac125c324f9f58e4f74c,1
0x14ddb398ce7a516c399a95b5d5c9a41326ec93de,1
0x1f6f623b9348b3ca47bf7c25a975959c3d5668cf,1
0x1ffc29a768e26ab393ea93e4284773410a84b660,1
0x23602ca06e977c86339ffddad74966e824ab691e,1
0x2ac81c02fbfa8fc432d572f2894ea61554d11dd0,1
0x2dba88cb3b435f99a3e58b6e0fe450e8f1a3f20f,1
0x35c92a2447de0576399aa34b74d2cb26af950a69,1
0x35fe2a980a124242db3b45421b4e27be05962b91,1
0x369615bc57975b06c418f42d3fda3754a385b97b,1
0x36a1eccfeb099c0476a24df1ea86c8007bd7acbe,1
0x3a661a18cb0258119636dfdde098648c6ad5ba62,1
0x3b19fb4f043e40d28bd357266f7dbb8a1a9bc644,1
0x3f358b4e54385ba4fc8dd9ea718d360db5c7fda5,1
0x4510a4c5f0992ca38458c83050ad7f1b9a258822,1
0x4de687d92445c81307e66c4f5640a72c093d8762,1
0x56773dcc20c9715d24d3f69ed58c16c471a3f2b7,1
0x5ee24cf78aeb5213f06c4ed718c7bbef6fe1209e,1
0x5fdcef2b7e1585e6a888393d1330c5e5e88c27ec,1
0x67ca64e6d0a97bae9d85b6b005a0ccdd876ab896,1
0x6e08a7b853722ed42b43f85b626e242e7256842f,1
0x7014aecd80adba024f5e9e3104bac79008573ce1,1
0x88668b63218bcfd31692e14f635d195f9f45c030,1
0x98f1bda2d45ffaca73fcf2154e9e007871e14934,1
0x9a667dcebfab972af744ac02e6d477945fc24da2,1
0xa78b54a5486ce07838c1511c5ad5f72df2ac833a,1
0xa7dcc417c63f24f9073b667a5d7149bd38463d0f,1
0xb0bdd53b627d7e61cfc5c13ef110e47e210fac6f,2
0xb6cf777e3696a502107417265c92d1b075636a10,1
0xbddb878b393bf91f8d34b2edf7087ca529e3ccaf,1
0xc02f533a819c4d3149544dd1a55cf7cc87a8d30b,1
0xc5633bc0bcc3897117841f434a8f5f95a724a7b8,1
0xcee53c7318ff49571ee1d889e40f3774c7c98b80,1
0xd4469b51c1b892b0e5868f2773b74f3b7539c0cd,1
0xd478df699a99eb1921c7993b1aba4194cdb490e4,1
0xd76d392d17379c22ca5e49d167bad1dcaf7eba0d,1
0xd9fa295d29f022d34028182329b051cbceb92579,1
0xe05adcb63a66e6e590961133694a382936c85d9d,1
0xf1e1c701b49b1dc2405a9e8ef40f9f88802b80fa,1
0xf532920bb32122d6475ad4cc7634dc3a69631902,1
0xf5671d951c0aa6e4bd69a854fc2d15fe707ddd0e,1
0xf6d47763f157f42e8bd711a3b41510267eaf4ba1,1
0xf9b7d79932b16c6bf8d08dbce15cd5e6942dd18f,1
0xfd4ff3a8e81942e9452582b6f2fad64a5c894836,1
