publicAddress,mintWallet
0xfcc3a7c8e7029f38e0109088c2a90ffa1518bde9,0x1986521f6caf7e3dbeab041e0578c62da5dd11af
0x97139ab1d45e3e1f02083e216c9d3d5af8bc958f,0xf262322e89db9c9fe03b4c9591218810243b0cdd
0x265a25670a194df9ff63c848827455da74042087,0xf262322e89db9c9fe03b4c9591218810243b0cdd
0x218a211431d5592316717bb9ac07d36f18d3c8ef,0x78086ad810f8f99a0b6c92a9a6c8857d3c665622
0x24e838b0181c7af61518c27063e1dc9359cd2f0f,0x953a8dc0e0e2e8fdf8607e5c3c55dd53b2f4fba6
0x69cb3b1de24e08f1cfc2994171b6c6930498f750,0xe74abe3bc87a4cf34acfd7c548208700c0e669b0
0x207faf11800138e4b77d94a8298ffce74d5e5c33,0x891aa27af08e3bc78e00f239355e7d9b646b0a25
0xda4c7cccb4572eb210ee6ad6fbc3f752304d4a63,0xada00080816c264ece458eee56802c2521c2469e
0x443540a94c9d53445725c9637d533e0a5faf40f7,0x481b1e34fc679b94e78571de1369d8ebe4bacdbf
0x7564314c19620a83b2c87e6d2febf0c3f846b1db,0x1134528d239cf419f9081ceebc3430ac191c318f
0x9d45c8492f94687ec1317ee81e2b8647af5a1759,0x2c31159f1497aed2cf9c028e55416f3050db1dff
0x7e7216319b016c758ed6f792eff389291aa8040f,0x77e8001a83e5175e36b0d80c11fe8b5a65ab5ca3
0xed8982578836f7d498856b3f543f128bb8621f2a,0x481b1e34fc679b94e78571de1369d8ebe4bacdbf
0x5843236ce0d3e08ecc8898a995212ab4c4a11107,0x9c213bd7e10a3b88172b300fd5b6953cef579c66
0x0ee31fee9c25172a7f73a88fedcc866d9f9f5998,0x17d95eeaf723ea844621336bf096baaea148b896
0x6de871e6e9d6271c701f0dc031e3a4cd35681264,0xf6d47763f157f42e8bd711a3b41510267eaf4ba1
0x68f4400dac3a94d77c7f6bd12976ff5704253deb,0x0b313ead65233ddb8dddac125c324f9f58e4f74c
0x64acc74b69faaaa90a5bcd5c46b4de3baf0c51b8,0xc1eca986c20103f3a180d797f5be64702bae7b22
0x31f5afe73e35de36ec0b99ab683883af4dfc8dce,0x44c2a80f8b924858db469a5b35128908e55c531f
0x94b08f4daf6b0b1501fe4297280ec99412f66030,0x14ddb398ce7a516c399a95b5d5c9a41326ec93de
0xd1485406996381f88999da9789e2f03d69bc53f2,0x3b19fb4f043e40d28bd357266f7dbb8a1a9bc644
0x353e25217c2e4fc4c3dae71aa59b0c64d1e25524,0x714f7b06f3482cc8cd0e8072c9d191b40bb8d06e
0x1f3fd666b44d0f68f50012470595ff36200908c3,0xd566f68779f1f671a6cb9b1b866af278a41653de
0x877966054785c393ef68b2c4bc45d5676915c7e2,0xccf92004887dae63679519278c17c7feca6cecb7
0x6d4d7f486e3507a608a833248a22138a132ed08d,0x2f6f2cafef028632108e2bb00da0da8cba09844f
0xfc7d299fc04ecceef29324f531cbec2a7bc7dbd4,0x9058a136e29c3b937c23cde011b4e584fb603c11
0x974fbaa6b052e10eccc135e3b6f8bc6d466c3d1f,0x95d3bdb8db905fb60472e5478b3b6282401ed08f
0xf3919d8517743fc0998507dedc778a3244a3ebab,0xa93ee14e133ce344691ee7984162f5a191caf4bc
0x0fb83cd9543ac6f7b8a4e16792d5cf1e242f0486,0xd566f68779f1f671a6cb9b1b866af278a41653de
0x06e13bd0a3cba08e61028f2326b9ea2ca2539900,0x75b772f2bb4f47fbb31b14d6e034b81cb0a03730
0x6212fb7476decbcd0f0d30030727eb4d86c6e654,0xf19aed29a6cd4f5a1b3c8ed79d987e3fc1dca853
0xc1cce7179a1463837f30a49ab393ec32c32fbdd2,0x891aa27af08e3bc78e00f239355e7d9b646b0a25
0x5f58527f99df57ec7692267daeb5058b7e826ac1,0x2abbdcae6dcb79539eec185ec0110b7f33b8c00c
0x50ce2d90b63aa4861d4fade0d498fb957c7c9b1d,0xa495e370e5987babb57580319c2ecb8e52a1239b
0x0ace76b681084e0f7fd9fe4eab763275d43bec8f,0xe1268b49d3e4e559f466239df4bee1d5cae04356
0x2bfca0be6ba3fa7c5f496d8967ae7c041faee0d2,0x7c561e7688d523f044eeddaf6a52ba9cd10a400c
0x00ff192363430a35abbf968c535b64147e88abdb,0x37009f9ae9dcc0a6d59204e1aeaf9da4968caec8
0x1b7690aebc8f986a780a19d74c5a9c293edb0d44,0x70cc2cd17112b1107917131c2e6d939d0b6df194
0xf50bdeafecca3a679d26ae4c2dec953e032a6fda,0xa78b54a5486ce07838c1511c5ad5f72df2ac833a
0x7fdab8c244e0b775edeeb9ebb8356b59068c6873,0x14ddb398ce7a516c399a95b5d5c9a41326ec93de
0xbd4f96516844f8bd9d9fe875eb6ce27969b55272,0xb6dc34f69d7973eb7c26d173644685f78e3b9858
0x9c163eb3589b0dcf366fc23c581307618b68fb06,0xac104d56e4f8e0462f8c001ec7dde4c68deb596f
0xbc0398a920ae62e01f486f9fbee90ffeb46ad7a6,0xf5671d951c0aa6e4bd69a854fc2d15fe707ddd0e
0xea15534dcd3a12c78345357d0d496f7fa85a5b71,0xfdd9a3e4c07756c1dc31ba938fc062d45eab1668
0xb6c7e03ede87692deb1de7e40723b952e0fd3773,0x95999c47c3e32a337ef108d657675c2757a606ed
0x64419769b308ff45ccb0d202d8f9632058aeeb9c,0xf262322e89db9c9fe03b4c9591218810243b0cdd
0xea0245c82bed665943939d76fe587b875961384f,0xae33247dcd75250c4823db8433c1ed40bd63a27c
0x5bef93a613d78b3ff56c2439d3ae58a26b3353c1,0x4b2a0281dd577e5767442688c1e84ab901a28d46
0xc89f42adad463cad50507a484e9c581cd7708916,0xa2b8d326f7a684b2f4cff0afcc4ba75781ad0802
0x93d900af6588772ae6edca13e0d20ac6fee6d519,0xa93ee14e133ce344691ee7984162f5a191caf4bc
0xbdde100544020fc3dd072bf4ce9a62845e6c9884,0x0ed39b4c8ca3f0faf74c780e8ec128314ee7f514
0x46eb92137aa15771eae8ef8f472fc0a278363814,0x8cc13d5436075f48993e72fedcf459f6cb69b176
0x01876c26c13b9916853b97033f89f4ab0b5001ca,0x9631d389a1fa14996d93d3bd1948a4e844eecad7
0xde5bcf9443d837220eaf7e2b200e134c4e1caedb,0x5f0f6f695febf386aa93126237b48c424961797b
0x050d5de9e16c708c522dec77b8f5542118f2e116,0xc646e02557877d559e55a3984ec12654ddd84af3
0xdf067d1c62b6a94e45ced3f01ebc94ae304cb045,0x753f8dab2ce1e6ec33e2967bcdd4974f60025319
0xd7b83c30609db3f1f4ad68d9c046703a7d06d722,0x234892f1c8cb50f0949e523c2971c4d3debfc3a5
0xee3aa3fa5b780bc73da73a82d47fa2d8cdc1a647,0xdf36b093cbc06522b68105c3d9141db188e980b6
0xc3956f9e14e62bfe00672ac5a4b5d11f84d8b5b2,0x167b3ce093c21c1907c0151ef3fe80c8e6ad8ecc
0x2b035f99f76d11251cc1a4c1ea1630eb9d0b71ac,0x28a1484d76bc6ff3494779d2590bfa90c40376dc
0x28cf5d9d465dfaf5c616958ef8b23dbee567e2b7,0x32b6cc0b1d20703f551e9572c1a2cbec58063d4a
0x2287c76cb20af782e83b389b5d72a00f6753124c,0xfdd9a3e4c07756c1dc31ba938fc062d45eab1668
0x4476a94a29b57a7e3195c0b2403aa126cadaeed1,0x2e81a3a6cdad1c720c3ab449c6e4506932d4841e
0x00e7abdfdf0be4d657a6eae2c85aceec990549e0,0x3f358b4e54385ba4fc8dd9ea718d360db5c7fda5
0xa810d97aed996d8d849c93583fdcf99412ec90f3,0x30a007515214391a221cd50ce554092cf637f398
0x618c7671366caaab6701f06ae9925ae682c6bf97,0x513a8a2577056d82b9e9d46c96625a4d4d05687e
0x5b513d7bb62f7f28bc3aba2d52fe6167a9b3a827,0xe74abe3bc87a4cf34acfd7c548208700c0e669b0
0xcafb98282f5ae4aa9083e031981e980cff1d9a79,0xf930a731f1d22fcbea9d18f82a2154547d85a83b
0xe49adce2fc301a882412a7a6c702f59324d9bb1d,0x95999c47c3e32a337ef108d657675c2757a606ed
0xb6735c2fce01feb459b3ddd910989fc4747dabf1,0x5467aa7f330356e7628a7a16d4bc1c5891081c4e
